"Factor","Valor"
"Total",-5423.91186024557
"Compra de
Divisas",-3551.60274074867
"Organismos
Internacionales",-3003.12921251802
"Otras oper.
Sector Público",297.925684422526
"Efectivo
Mínimo",2662.60381149655
"Otros",-1829.70940289795
