"Factor","Valor"
"Total",1140952.33459879
"Compra de
divisas al
SP",-355458.8938
"Compra de
divisas al
Tesoro",-302584.805614885
"Otras
operaciones
con Tesoro",2595239.29342089
"Pases",-1186074.93139975
"Leliq",-1096634.37142096
"Redesc.",-35.6511896899992
"Intereses",1615380.81601809
"Otros",-128878.790018438
