"Factor","Valor"
"Total",360.331115684166
"Compra de
Divisas",1500.38389805334
"Organismos
Internacionales",-520.680015989081
"Otras oper.
Sector Público",-425.743785548737
"Efectivo
Mínimo",725.632780259027
"Otros",-919.261761090385
