"Factor","Valor"
"Total",-5130.61804161796
"Compra de
Divisas",-2973.95289068867
"Organismos
Internacionales",-3045.65251610838
"Otras oper.
Sector Público",212.89232773292
"Efectivo
Mínimo",2773.73912151305
"Otros",-2097.64408406689
