"Factor","Valor"
"Total",-77.2467127454365
"Compra de
Divisas",613.189315893344
"Organismos
Internacionales",-446.120176227888
"Otras oper.
Sector Público",-329.952209286533
"Efectivo
Mínimo",686.482416244225
"Otros",-600.846059368584
