"Factor","Valor"
"Total",701491.327299951
"Compra de
divisas al
SP",-179132.4007
"Compra de
divisas al
Tesoro",-204010.7
"Otras
operaciones
con Tesoro",2002055.33707734
"Pases",-591446.135292548
"Leliq",-1087573.59059305
"Redesc.",-2.39999999999964
"Intereses",903422.062091127
"Otros",-141820.513886453
