"Factor","Valor"
"Total",1190467.58376759
"Compra
divisas
al SP",-486584.7681
"Compra
divisas
al Tesoro",-273384.805614885
"Otras
operaciones
Tesoro",2495468.52674075
"Pases",-923601.777986159
"Leliq",-1029523.64221883
"Redescuentos",-35.6511896899992
"Intereses",1515460.56089476
"Otros",-107330.527361888
