"Factor","Valor"
"Total",804168.106062881
"Compra de
divisas al
SP",-258979.8905
"Compra de
divisas al
Tesoro",-191010.7
"Otras
operaciones
con Tesoro",1947799.64094914
"Pases",-402414.596988104
"Leliq",-1022044.09016653
"Redesc.",-2.39999999999964
"Intereses",860924.441964533
"Otros",-130103.967799693
