"Factor","Valor"
"Total",396.873244346469
"Compra de
Divisas",1381.68425261334
"Organismos
Internacionales",-516.656533509061
"Otras oper.
Sector Público",-423.532833828345
"Efectivo
Mínimo",766.218142629926
"Otros",-810.839783559395
