"Factor","Valor"
"Total",-469.528937141207
"Compra de
Divisas",146.337311467749
"Organismos
Internacionales",-418.98886977038
"Otras oper.
Sector Público",-207.755407014696
"Efectivo
Mínimo",402.091934069198
"Otros",-391.213905893079
