"Factor","Valor"
"Total",1345641.24928061
"Compra
divisas
al SP",-458608.9986
"Compra
divisas
al Tesoro",-273384.805614885
"Otras
operaciones
Tesoro",2461795.43943857
"Pases",-767787.359731313
"Leliq",-1048177.44028077
"Redescuentos",-35.6511896899992
"Intereses",1548029.50951178
"Otros",-116189.112856618
