"Factor","Valor"
"Total",746046.194782431
"Compra de
divisas al
SP",-183452.5897
"Compra de
divisas al
Tesoro",-204010.7
"Otras
operaciones
con Tesoro",2005924.77978832
"Pases",-546625.040458427
"Leliq",-1087573.59059305
"Redesc.",-2.39999999999964
"Intereses",902362.852265076
"Otros",-140576.785123023
