"Factor","Valor"
"Total",619898.644953401
"Compra
divisas
al SP",-263315.3255
"Compra
divisas
al Tesoro",-191010.7
"Otras
operaciones
Tesoro",1947938.7597675
"Pases",-530387.409037429
"Leliq",-1055108.93029415
"Redescuentos",-2.39999999999964
"Intereses",842203.793424258
"Otros",-130418.812010313
