"Factor","Valor"
"Total",693036.011458821
"Compra
divisas
al SP",-273904.908
"Compra
divisas
al Tesoro",-191010.7
"Otras
operaciones
Tesoro",1947976.15730246
"Pases",-488152.696639767
"Leliq",-1008268.44481559
"Redescuentos",-2.39999999999964
"Intereses",833569.286590736
"Otros",-127169.951582553
