"Factor","Valor"
"Total",-4967.33621773226
"Compra de
Divisas",-2166.39549062667
"Organismos
Internacionales",-3207.02246412938
"Otras oper.
Sector Público",198.240671703756
"Efectivo
Mínimo",2522.34374788545
"Otros",-2314.50268256542
