"Factor","Valor"
"Total",-5450.21670860726
"Compra de
Divisas",-3556.54782740867
"Organismos
Internacionales",-2992.658247668
"Otras oper.
Sector Público",302.689012482384
"Efectivo
Mínimo",2658.90117956185
"Otros",-1862.60082557482
