"Factor","Valor"
"Total",617092.4494853
"Compra de
divisas al
SP",-226904.6433
"Compra de
divisas al
Tesoro",-204010.7
"Otras
operaciones
con Tesoro",1986690.49710663
"Pases",-672961.056908603
"Leliq",-1013593.64353334
"Redesc.",-2.39999999999964
"Intereses",881779.397526392
"Otros",-133904.670009313
