"Factor","Valor"
"Total",1301451.7689803
"Compra de
divisas al
SP",-458169.0132
"Compra de
divisas al
Tesoro",-273384.805614885
"Otras
operaciones
con Tesoro",2462351.68094323
"Pases",-808535.909324345
"Leliq",-1059918.18930675
"Redesc.",-35.6511896899992
"Intereses",1555227.50038221
"Otros",-116083.512313008
