"Factor","Valor"
"Total",708997.428851931
"Compra
divisas
al SP",-295268.322
"Compra
divisas
al Tesoro",-191010.7
"Otras
operaciones
Tesoro",1982712.74316567
"Pases",-534674.031650032
"Leliq",-942188.043098156
"Redescuentos",-2.39999999999964
"Intereses",806534.128988221
"Otros",-117105.615157303
