"Factor","Valor"
"Total",37.7513685363592
"Compra de
Divisas",617.834402553344
"Organismos
Internacionales",-456.591141077908
"Otras oper.
Sector Público",-334.715537346391
"Efectivo
Mínimo",688.266828227626
"Otros",-477.043183820311
