"Factor","Valor"
"Total",477.489885651667
"Compra de
Divisas",1900.44165267534
"Organismos
Internacionales",-659.991776939269
"Otras oper.
Sector Público",-434.237280979974
"Efectivo
Mínimo",610.590959150725
"Otros",-939.31366825516
