"Factor","Valor"
"Total",704063.58376759
"Compra
divisas
al SP",-286982.072
"Compra
divisas
al Tesoro",-191010.7
"Otras
operaciones
Tesoro",1982141.01477406
"Pases",-509509.369929445
"Leliq",-991649.543078605
"Redescuentos",-2.39999999999964
"Intereses",822747.848796544
"Otros",-121670.863398493
