"Factor","Valor"
"Total",859237.24928061
"Compra de
divisas al
SP",-259006.3025
"Compra de
divisas al
Tesoro",-191010.7
"Otras
operaciones
con Tesoro",1948467.92747188
"Pases",-353694.951674599
"Leliq",-1010303.34114055
"Redesc.",-2.39999999999964
"Intereses",855316.797413568
"Otros",-130529.448893223
