"Factor","Valor"
"Total",-5049.84906912986
"Compra de
Divisas",-2717.75289068867
"Organismos
Internacionales",-3066.82818204913
"Otras oper.
Sector Público",209.108367940351
"Efectivo
Mínimo",2779.48894709865
"Otros",-2253.86531143107
