"Factor","Valor"
"Total",171167.23614625
"Compra de
divisas al
SP",128722.2747
"Compra de
divisas al
Tesoro",-43000
"Otras
operaciones
con Tesoro",1062.79144711001
"Pases",163561.620943781
"Leliq",-186881.630299027
"Redesc.",0
"Intereses",180804.022261266
"Otros",-73101.5115104099
