"Factor","Valor"
"Total",386.485651892166
"Compra de
Divisas",2042.68804927134
"Organismos
Internacionales",-625.484392689264
"Otras oper.
Sector Público",-464.612723505789
"Efectivo
Mínimo",380.989110541627
"Otros",-947.094391725753
