"Factor","Valor"
"Total",465.435302254504
"Compra de
Divisas",1478.002336782
"Organismos
Internacionales",-214.486342991362
"Otras oper.
Sector Público",-113.398839528724
"Efectivo
Mínimo",-172.540038737399
"Otros",-512.141813270011
