"Factor","Valor"
"Total",1232450.19478243
"Compra de
divisas al
SP",-383055.2858
"Compra de
divisas al
Tesoro",-286384.805614885
"Otras
operaciones
con Tesoro",2519252.29175501
"Pases",-960717.448515141
"Leliq",-1125447.68973327
"Redesc.",-35.6511896899992
"Intereses",1595075.56436329
"Otros",-126236.449086418
