"Factor","Valor"
"Total",1076850.71248311
"Compra de
divisas al
SP",-447648.5452
"Compra de
divisas al
Tesoro",-283384.805614885
"Otras
operaciones
con Tesoro",2503025.4664896
"Pases",-1099898.09594784
"Leliq",-1051467.74267356
"Redesc.",-35.6511896899992
"Intereses",1571982.22103205
"Otros",-115721.803016098
