"Factor","Valor"
"Total",690998.759553071
"Compra
divisas
al SP",-285306.956
"Compra
divisas
al Tesoro",-191010.7
"Otras
operaciones
Tesoro",1905287.27772234
"Pases",-447668.408965364
"Leliq",-991649.543078605
"Redescuentos",-2.39999999999964
"Intereses",824389.412955373
"Otros",-123039.591684203
