"Factor","Valor"
"Total",661074.373716111
"Compra de
divisas al
SP",-248918.5091
"Compra de
divisas al
Tesoro",-201010.7
"Otras
operaciones
con Tesoro",1989602.51618574
"Pases",-626266.703497964
"Leliq",-991505.405508525
"Redesc.",-2.39999999999964
"Intereses",869462.219926733
"Otros",-130286.312893403
