"Factor","Valor"
"Total",1197226.84351993
"Compra
divisas
al SP",-491670.0681
"Compra
divisas
al Tesoro",-273384.805614885
"Otras
operaciones
Tesoro",2495429.78469082
"Pases",-941268.462886776
"Leliq",-995829.576368498
"Redescuentos",-35.6511896899992
"Intereses",1507950.60892505
"Otros",-103964.654539628
