"Factor","Valor"
"Total",1099568.67990805
"Compra de
divisas al
SP",-417136.4498
"Compra de
divisas al
Tesoro",-286384.805614885
"Otras
operaciones
con Tesoro",2490018.47493934
"Pases",-1073596.09199082
"Leliq",-1074928.69392402
"Redesc.",-35.6511896899992
"Intereses",1583294.54312355
"Otros",-121662.314238958
