"Factor","Valor"
"Total",-395.903589694004
"Compra
de
Divisas",241.377311467749
"Organismos
Internacionales",-412.717443010416
"Otras oper.
Sector Público",-320.977530516501
"Efectivo
Mínimo",480.6297723885
"Otros",-384.215700023335
