"Factor","Valor"
"Total",1187895.32729995
"Compra de
divisas al
SP",-378735.0968
"Compra de
divisas al
Tesoro",-286384.805614885
"Otras
operaciones
con Tesoro",2515382.84904403
"Pases",-1005538.54334926
"Leliq",-1125447.68973327
"Redesc.",-35.6511896899992
"Intereses",1596134.77418934
"Otros",-127480.177849848
