"Factor","Valor"
"Total",-5101.33211309776
"Compra de
Divisas",-2669.05324524867
"Organismos
Internacionales",-3067.2180874292
"Otras oper.
Sector Público",206.89743622018
"Efectivo
Mínimo",2699.96976352795
"Otros",-2271.92798016803
