"Factor","Valor"
"Total",710822.843519931
"Compra
divisas
al SP",-292067.372
"Compra
divisas
al Tesoro",-191010.7
"Otras
operaciones
Tesoro",1982102.27272413
"Pases",-527176.054830062
"Leliq",-957955.477228276
"Redescuentos",-2.39999999999964
"Intereses",815237.896826841
"Otros",-118304.990576233
