"Factor","Valor"
"Total",1165637.62051462
"Compra de
divisas al
SP",-378644.5696
"Compra de
divisas al
Tesoro",-286384.805614885
"Otras
operaciones
con Tesoro",2516685.72402311
"Pases",-1026258.25025687
"Leliq",-1136385.71759576
"Redesc.",-35.6511896899992
"Intereses",1604223.19761131
"Otros",-127561.975466138
