"Factor","Valor"
"Total",341.501240698264
"Compra de
Divisas",1499.38425261334
"Organismos
Internacionales",-520.680925989081
"Otras oper.
Sector Público",-423.532863828677
"Efectivo
Mínimo",821.058316996926
"Otros",-1034.72753909425
