"Factor","Valor"
"Total",564375.41242712
"Compra de
divisas al
SP",-133328.5737
"Compra de
divisas al
Tesoro",-220210.7
"Otras
operaciones
con Tesoro",2081786.69893349
"Pases",-844069.821432833
"Leliq",-1107176.78176037
"Redesc.",-2.39999999999964
"Intereses",931894.830349872
"Otros",-144517.508566573
