"Factor","Valor"
"Total",1221156.00896273
"Compra de
divisas al
SP",-406192.6838
"Compra de
divisas al
Tesoro",-286384.805614885
"Otras
operaciones
con Tesoro",2520063.9354662
"Pases",-993264.091317719
"Leliq",-1074928.69392402
"Redesc.",-35.6511896899992
"Intereses",1585747.26173901
"Otros",-123848.930999698
