"Factor","Valor"
"Total",-5120.16198808367
"Compra de
Divisas",-2670.05289068867
"Organismos
Internacionales",-3067.2189974292
"Otras oper.
Sector Público",209.10835794024
"Efectivo
Mínimo",2795.39530026585
"Otros",-2387.39375817189
