"Factor","Valor"
"Total",-15691.8300103601
"Compra de
divisas al
SP",182489.0101
"Compra de
divisas al
Tesoro",-59200
"Otras
operaciones
con Tesoro",4096.12580258001
"Pases",-76380.1297244189
"Leliq",-210680.777668617
"Redesc.",0
"Intereses",221044.538828776
"Otros",-77060.2659522102
