"Factor","Valor"
"Total",647521.888378451
"Compra
divisas
al SP",-263337.113
"Compra
divisas
al Tesoro",-191010.7
"Otras
operaciones
Tesoro",1948568.54890502
"Pases",-503211.697921314
"Leliq",-1055108.93029415
"Redescuentos",-2.39999999999964
"Intereses",841052.755877183
"Otros",-129428.243791823
