"Factor","Valor"
"Total",-5538.90994152737
"Compra de
Divisas",-3556.24782740867
"Organismos
Internacionales",-2992.658247668
"Otras oper.
Sector Público",302.689012482384
"Efectivo
Mínimo",2660.81939951315
"Otros",-1953.51227844623
