"Factor","Valor"
"Total",648434.49657752
"Compra de
divisas al
SP",-142678.5117
"Compra de
divisas al
Tesoro",-220210.7
"Otras
operaciones
con Tesoro",2082839.39357739
"Pases",-792938.900173298
"Leliq",-1058760.27228074
"Redesc.",-2.39999999999964
"Intereses",924071.981240427
"Otros",-143885.762689793
