"Factor","Valor"
"Total",1290572.10606288
"Compra de
divisas al
SP",-458582.5866
"Compra de
divisas al
Tesoro",-273384.805614885
"Otras
operaciones
con Tesoro",2461127.15291583
"Pases",-816507.005044818
"Leliq",-1059918.18930675
"Redesc.",-35.6511896899992
"Intereses",1553637.15406275
"Otros",-115763.631763088
