"Factor","Valor"
"Total",1179440.01145882
"Compra
divisas
al SP",-473507.6041
"Compra
divisas
al Tesoro",-273384.805614885
"Otras
operaciones
Tesoro",2461303.66926915
"Pases",-902245.104696481
"Leliq",-1046142.54395581
"Redescuentos",-35.6511896899992
"Intereses",1526281.99868895
"Otros",-112829.615545948
