"Factor","Valor"
"Total",340.980915157066
"Compra de
Divisas",2042.98214558734
"Organismos
Internacionales",-629.434392689264
"Otras oper.
Sector Público",-464.612723505789
"Efectivo
Mínimo",324.475367957527
"Otros",-932.429482192752
