"Factor","Valor"
"Total",1229518.24720324
"Compra de
divisas al
SP",-389380.5858
"Compra de
divisas al
Tesoro",-286384.805614885
"Otras
operaciones
con Tesoro",2520108.53009852
"Pases",-957770.46154165
"Leliq",-1125447.68973327
"Redesc.",-35.6511896899992
"Intereses",1593261.49298981
"Otros",-124832.250609128
