"Factor","Valor"
"Total",-5479.78026505277
"Compra
de
Divisas",-3604.99782740867
"Organismos
Internacionales",-2992.53612113801
"Otras oper.
Sector Público",302.689012482384
"Efectivo
Mínimo",2605.15489712265
"Otros",-1790.09022611112
