"Factor","Valor"
"Total",-5014.34496279826
"Compra de
Divisas",-2126.99549062667
"Organismos
Internacionales",-3207.02246412938
"Otras oper.
Sector Público",189.29017295366
"Efectivo
Mínimo",2432.61485838525
"Otros",-2302.23203938113
