"Factor","Valor"
"Total",266.474473401271
"Compra de
Divisas",1074.18425261334
"Organismos
Internacionales",-499.114444668262
"Otras oper.
Sector Público",-419.748894035997
"Efectivo
Mínimo",821.447213518627
"Otros",-710.293654026441
