"Factor","Valor"
"Total",-349.541233562297
"Compra
de
Divisas",300.127311467749
"Organismos
Internacionales",-400.342769970167
"Otras oper.
Sector Público",-319.605289746462
"Efectivo
Mínimo",425.0214766973
"Otros",-354.741962010717
