"Factor","Valor"
"Total",715364.501062241
"Compra
divisas
al SP",-290335.447
"Compra
divisas
al Tesoro",-191010.7
"Otras
operaciones
Tesoro",1981857.98322137
"Pases",-523904.934554953
"Leliq",-957955.477228276
"Redescuentos",-2.39999999999964
"Intereses",816658.846958392
"Otros",-119943.038937823
