"Factor","Valor"
"Total",1225818.99385719
"Compra de
divisas al
SP",-376519.5306
"Compra de
divisas al
Tesoro",-286384.805614885
"Otras
operaciones
con Tesoro",2577599.61286333
"Pases",-1030456.1979734
"Leliq",-1136385.71759576
"Redesc.",-35.6511896899992
"Intereses",1605979.85448226
"Otros",-127978.239118208
