"Factor","Valor"
"Total",1201768.50106224
"Compra
divisas
al SP",-489938.1431
"Compra
divisas
al Tesoro",-273384.805614885
"Otras
operaciones
Tesoro",2495185.49518806
"Pases",-937997.342611667
"Leliq",-995829.576368498
"Redescuentos",-35.6511896899992
"Intereses",1509371.55905661
"Otros",-105602.702901218
