"Factor","Valor"
"Total",1072333.08913624
"Compra
divisas
al SP",-498802.4441
"Compra
divisas
al Tesoro",-243384.805614885
"Otras
operaciones
Tesoro",2465266.1324489
"Pases",-1068017.75868576
"Leliq",-980062.142238378
"Redescuentos",-35.6511896899992
"Intereses",1497386.17763359
"Otros",-100016.419117537
