"Factor","Valor"
"Total",815047.7689803
"Compra de
divisas al
SP",-258566.3171
"Compra de
divisas al
Tesoro",-191010.7
"Otras
operaciones
con Tesoro",1949024.16897654
"Pases",-394443.501267631
"Leliq",-1022044.09016653
"Redesc.",-2.39999999999964
"Intereses",862514.788284
"Otros",-130423.848349613
