"Factor","Valor"
"Total",1045591.12862582
"Compra de
divisas al
SP",-329288.5504
"Compra de
divisas al
Tesoro",-302584.805614885
"Otras
operaciones
con Tesoro",2522285.62611048
"Pases",-1200659.19918334
"Leliq",-1149246.83710286
"Redesc.",-35.6511896899992
"Intereses",1635316.0809308
"Otros",-130195.203528218
