"Factor","Valor"
"Total",-5490.25522745556
"Compra
de
Divisas",-3605.24782740867
"Organismos
Internacionales",-2980.16144809777
"Otras oper.
Sector Público",304.073253252423
"Efectivo
Mínimo",2549.55507021815
"Otros",-1758.4742754197
