"Factor","Valor"
"Total",613164.679908051
"Compra de
divisas al
SP",-217533.7537
"Compra de
divisas al
Tesoro",-204010.7
"Otras
operaciones
con Tesoro",1976690.96297265
"Pases",-659503.683934104
"Leliq",-1037054.5947838
"Redesc.",-2.39999999999964
"Intereses",890581.831025333
"Otros",-136002.650275563
