"Factor","Valor"
"Total",1103496.4494853
"Compra de
divisas al
SP",-426507.3394
"Compra de
divisas al
Tesoro",-286384.805614885
"Otras
operaciones
con Tesoro",2500018.00907332
"Pases",-1087053.46496532
"Leliq",-1051467.74267356
"Redesc.",-35.6511896899992
"Intereses",1574492.10962461
"Otros",-119564.333972708
