"Factor","Valor"
"Total",739414.99385719
"Compra de
divisas al
SP",-176916.8345
"Compra de
divisas al
Tesoro",-204010.7
"Otras
operaciones
con Tesoro",2064272.10089664
"Pases",-616363.789916681
"Leliq",-1098511.61845554
"Redesc.",-2.39999999999964
"Intereses",913267.14238405
"Otros",-142318.575154813
