"Factor","Valor"
"Total",1106302.6449534
"Compra
divisas
al SP",-462918.0216
"Compra
divisas
al Tesoro",-273384.805614885
"Otras
operaciones
Tesoro",2461266.27173419
"Pases",-944479.817094143
"Leliq",-1092983.02943437
"Redescuentos",-35.6511896899992
"Intereses",1534916.50552247
"Otros",-116078.475973708
