"Factor","Valor"
"Total",229.985756209368
"Compra de
Divisas",970.231661103344
"Organismos
Internacionales",-499.114444668262
"Otras oper.
Sector Público",-419.740790835909
"Efectivo
Mínimo",858.455248297926
"Otros",-679.845917687732
