"Factor","Valor"
"Total",513505.574099901
"Compra de
divisas al
SP",-243155.0403
"Compra de
divisas al
Tesoro",-201010.7
"Otras
operaciones
con Tesoro",1978325.44644398
"Pases",-755107.260123307
"Leliq",-1013593.64353334
"Redesc.",-2.39999999999964
"Intereses",880566.954486576
"Otros",-132517.451477543
