"Factor","Valor"
"Total",-5372.37796140306
"Compra de
Divisas",-3498.75274074867
"Organismos
Internacionales",-3003.12921251802
"Otras oper.
Sector Público",228.888301282616
"Efectivo
Mínimo",2710.26054849635
"Otros",-1809.64485791534
