"Factor","Valor"
"Total",695627.523015891
"Compra
divisas
al SP",-273904.908
"Compra
divisas
al Tesoro",-191010.7
"Otras
operaciones
Tesoro",1948481.20243209
"Pases",-486460.393725066
"Leliq",-1008268.44481559
"Redescuentos",-2.39999999999964
"Intereses",835026.265779245
"Otros",-128232.767258323
