"Factor","Valor"
"Total",-5041.88367725137
"Compra de
Divisas",-2518.71061958667
"Organismos
Internacionales",-3067.55504341922
"Otras oper.
Sector Público",206.734362370066
"Efectivo
Mínimo",2609.33085444645
"Otros",-2271.68323106199
