"Factor","Valor"
"Total",362.74004401116
"Compra de
Divisas",1523.81088737334
"Organismos
Internacionales",-520.680015989081
"Otras oper.
Sector Público",-425.848795548771
"Efectivo
Mínimo",738.248034376025
"Otros",-952.790066200357
