"Factor","Valor"
"Total",1050779.41242712
"Compra de
divisas al
SP",-332931.2698
"Compra de
divisas al
Tesoro",-302584.805614885
"Otras
operaciones
con Tesoro",2595114.21090018
"Pases",-1258162.22948955
"Leliq",-1145050.88090059
"Redesc.",-35.6511896899992
"Intereses",1624607.54244809
"Otros",-130177.172529968
