"Factor","Valor"
"Total",1134838.49657752
"Compra de
divisas al
SP",-342281.2078
"Compra de
divisas al
Tesoro",-302584.805614885
"Otras
operaciones
con Tesoro",2596166.90554408
"Pases",-1207031.30823001
"Leliq",-1096634.37142096
"Redesc.",-35.6511896899992
"Intereses",1616784.69333864
"Otros",-129545.426653188
