"Factor","Valor"
"Total",1034521.0581599
"Compra de
divisas al
SP",-329337.9898
"Compra de
divisas al
Tesoro",-302584.805614885
"Otras
operaciones
con Tesoro",2596521.02781309
"Pases",-1280780.24880471
"Leliq",-1145050.88090059
"Redesc.",-35.6511896899992
"Intereses",1626437.60981163
"Otros",-130647.671758478
