"Factor","Valor"
"Total",548117.0581599
"Compra de
divisas al
SP",-129735.2937
"Compra de
divisas al
Tesoro",-220210.7
"Otras
operaciones
con Tesoro",2083193.5158464
"Pases",-866687.840747995
"Leliq",-1107176.78176037
"Redesc.",-2.39999999999964
"Intereses",933724.897713414
"Otros",-144988.007795083
