"Factor","Valor"
"Total",-4984.17334313026
"Compra de
Divisas",-2268.99549062667
"Organismos
Internacionales",-3206.52984837938
"Otras oper.
Sector Público",198.403940788943
"Efectivo
Mínimo",2584.92794241965
"Otros",-2291.9798873328
