"Factor","Valor"
"Total",734752.00896273
"Compra de
divisas al
SP",-206589.9877
"Compra de
divisas al
Tesoro",-204010.7
"Otras
operaciones
con Tesoro",2006736.42349951
"Pases",-579171.683261005
"Leliq",-1037054.5947838
"Redesc.",-2.39999999999964
"Intereses",893034.549640794
"Otros",-138189.267036303
