"Factor","Valor"
"Total",999909.574099901
"Compra de
divisas al
SP",-442757.7364
"Compra de
divisas al
Tesoro",-283384.805614885
"Otras
operaciones
con Tesoro",2491652.95841067
"Pases",-1169199.66818002
"Leliq",-1051467.74267356
"Redesc.",-35.6511896899992
"Intereses",1573279.66658479
"Otros",-118177.115440938
