"Factor","Valor"
"Total",512.444047320503
"Compra de
Divisas",1438.602336782
"Organismos
Internacionales",-214.486342991362
"Otras oper.
Sector Público",-104.448340778627
"Efectivo
Mínimo",-82.8111492371991
"Otros",-524.412456454308
