"Factor","Valor"
"Total",130.309996101467
"Compra de
Divisas",735.381661103344
"Organismos
Internacionales",-461.018947137952
"Otras oper.
Sector Público",-404.050936325026
"Efectivo
Mínimo",783.188296954325
"Otros",-523.190078493224
