"Factor","Valor"
"Total",585929.089136241
"Compra
divisas
al SP",-299199.748
"Compra
divisas
al Tesoro",-161010.7
"Otras
operaciones
Tesoro",1951938.62048221
"Pases",-653925.350629045
"Leliq",-942188.043098156
"Redescuentos",-2.39999999999964
"Intereses",804673.465535374
"Otros",-114356.755154143
