"Factor","Valor"
"Total",1182031.52301589
"Compra
divisas
al SP",-473507.6041
"Compra
divisas
al Tesoro",-273384.805614885
"Otras
operaciones
Tesoro",2461808.71439878
"Pases",-900552.80178178
"Leliq",-1046142.54395581
"Redescuentos",-35.6511896899992
"Intereses",1527738.97787746
"Otros",-113892.431221718
