"Factor","Valor"
"Total",11.4465201746716
"Compra de
Divisas",612.889315893344
"Organismos
Internacionales",-446.120176227888
"Otras oper.
Sector Público",-329.952209286533
"Efectivo
Mínimo",684.564196292927
"Otros",-509.934606497177
