"Factor","Valor"
"Total",494.327011049667
"Compra de
Divisas",2003.04165267534
"Organismos
Internacionales",-660.484392689263
"Otras oper.
Sector Público",-434.400550065161
"Efectivo
Mínimo",548.006764616527
"Otros",-961.83646348778
