"Factor","Valor"
"Total",1018329.65149236
"Compra de
divisas al
SP",-329315.369
"Compra de
divisas al
Tesoro",-302584.805614885
"Otras
operaciones
con Tesoro",2522214.94341648
"Pases",-1226036.6829443
"Leliq",-1149246.83710286
"Redesc.",-35.6511896899992
"Intereses",1633376.05780503
"Otros",-130041.672480948
