"Factor","Valor"
"Total",419.779551530562
"Compra de
Divisas",1650.72652371534
"Organismos
Internacionales",-521.016971979108
"Otras oper.
Sector Público",-425.906859398851
"Efectivo
Mínimo",634.993871177526
"Otros",-919.017011984348
