"Factor","Valor"
"Total",-51.517269362208
"Compra
de
Divisas",564.189315893344
"Organismos
Internacionales",-433.623376657652
"Otras oper.
Sector Público",-328.567968516494
"Efectivo
Mínimo",575.218086949225
"Otros",-428.733327030632
