"Factor","Valor"
"Total",-5120.68231362486
"Compra de
Divisas",-2126.45499771467
"Organismos
Internacionales",-3175.97246412938
"Otras oper.
Sector Público",168.028498263128
"Efectivo
Mínimo",2298.81235122645
"Otros",-2285.0957012704
