"Factor","Valor"
"Total",-5231.67747257256
"Compra de
Divisas",-3199.20548219867
"Organismos
Internacionales",-3045.65251610838
"Otras oper.
Sector Público",212.900430933008
"Efectivo
Mínimo",2832.79223156685
"Otros",-2032.51213676538
