"Factor","Valor"
"Total",627827.137714241
"Compra de
divisas al
SP",-248918.5091
"Compra de
divisas al
Tesoro",-201010.7
"Otras
operaciones
con Tesoro",1989895.43243864
"Pases",-662349.076791607
"Leliq",-991505.405508525
"Redesc.",-2.39999999999964
"Intereses",871906.940535146
"Otros",-130188.812462943
