"Factor","Valor"
"Total",743114.247203241
"Compra de
divisas al
SP",-189777.8897
"Compra de
divisas al
Tesoro",-204010.7
"Otras
operaciones
con Tesoro",2006781.01813183
"Pases",-543678.053484936
"Leliq",-1087573.59059305
"Redesc.",-2.39999999999964
"Intereses",900548.780891595
"Otros",-139172.586645733
