"Factor","Valor"
"Total",-41.0423069594108
"Compra
de
Divisas",564.439315893344
"Organismos
Internacionales",-445.998049697901
"Otras oper.
Sector Público",-329.952209286533
"Efectivo
Mínimo",630.817913853726
"Otros",-460.349277722047
