"Factor","Valor"
"Total",-5330.60537567927
"Compra de
Divisas",-3379.60548219867
"Organismos
Internacionales",-3042.05181511834
"Otras oper.
Sector Público",228.586831303284
"Efectivo
Mínimo",2904.08814529115
"Otros",-2041.62305495669
