"Factor","Valor"
"Total",447.318265983668
"Compra de
Divisas",2042.44165267534
"Organismos
Internacionales",-660.484392689263
"Otras oper.
Sector Público",-443.351048815257
"Efectivo
Mínimo",458.277875116327
"Otros",-949.565820303483
