"Factor","Valor"
"Total",-5064.78998443546
"Compra de
Divisas",-2787.75289068867
"Organismos
Internacionales",-3063.19460494918
"Otras oper.
Sector Público",209.108387940572
"Efectivo
Mínimo",2740.55512589885
"Otros",-2163.50600263704
