"Factor","Valor"
"Total",739055.343938991
"Compra
divisas
al SP",-276083.744
"Compra
divisas
al Tesoro",-191010.7
"Otras
operaciones
Tesoro",1943838.67987227
"Pases",-447227.32533189
"Leliq",-991649.543078605
"Redescuentos",-2.39999999999964
"Intereses",825703.445438539
"Otros",-124512.737564853
