"Factor","Valor"
"Total",-5025.49989082207
"Compra de
Divisas",-2413.71061958667
"Organismos
Internacionales",-3113.49485033929
"Otras oper.
Sector Público",206.57238663221
"Efectivo
Mínimo",2634.21551275965
"Otros",-2339.08232028797
