"Factor","Valor"
"Total",1133925.88837845
"Compra
divisas
al SP",-462939.8091
"Compra
divisas
al Tesoro",-273384.805614885
"Otras
operaciones
Tesoro",2461896.06087171
"Pases",-917304.105978028
"Leliq",-1092983.02943437
"Redescuentos",-35.6511896899992
"Intereses",1533765.4679754
"Otros",-115087.907755218
