"Factor","Valor"
"Total",1195401.42885193
"Compra
divisas
al SP",-494871.0181
"Compra
divisas
al Tesoro",-273384.805614885
"Otras
operaciones
Tesoro",2496040.25513236
"Pases",-948766.439706746
"Leliq",-980062.142238378
"Redescuentos",-35.6511896899992
"Intereses",1499246.84108643
"Otros",-102765.279120698
