"Factor","Valor"
"Total",331.045187163967
"Compra de
Divisas",1195.48425261334
"Organismos
Internacionales",-499.114444668262
"Otras oper.
Sector Público",-419.748894035997
"Efectivo
Mínimo",799.402138244127
"Otros",-744.977864989245
