"Factor","Valor"
"Total",-5350.65087218137
"Compra de
Divisas",-3443.78038454867
"Organismos
Internacionales",-3007.55701857807
"Otras oper.
Sector Público",228.888301282616
"Efectivo
Mínimo",2726.89648112285
"Otros",-1855.0982514601
