"Factor","Valor"
"Total",1168365.19312307
"Compra de
divisas al
SP",-364998.1438
"Compra de
divisas al
Tesoro",-286384.805614885
"Otras
operaciones
con Tesoro",2578502.78213136
"Pases",-1147711.19571235
"Leliq",-1096634.37142096
"Redesc.",-35.6511896899992
"Intereses",1613830.05079596
"Otros",-128203.140669898
