"Factor","Valor"
"Total",119.24106726946
"Compra de
Divisas",725.656758753344
"Organismos
Internacionales",-461.018947137952
"Otras oper.
Sector Público",-403.863648525057
"Efectivo
Mínimo",748.213055826626
"Otros",-489.746151647501
