"Factor","Valor"
"Total",411.814159652065
"Compra de
Divisas",1451.68425261334
"Organismos
Internacionales",-520.290110609012
"Otras oper.
Sector Público",-423.532853828566
"Efectivo
Mínimo",805.151963829726
"Otros",-901.199092353426
