"Factor","Valor"
"Total",-5331.35323268046
"Compra de
Divisas",-3434.05548219867
"Organismos
Internacionales",-3007.55701857807
"Otras oper.
Sector Público",228.590285443891
"Efectivo
Mínimo",2757.52528022325
"Otros",-1875.85629757087
