"Factor","Valor"
"Total",681961.19312307
"Compra de
divisas al
SP",-165395.4477
"Compra de
divisas al
Tesoro",-204010.7
"Otras
operaciones
con Tesoro",2065175.27016467
"Pases",-733618.787655635
"Leliq",-1058760.27228074
"Redesc.",-2.39999999999964
"Intereses",921117.338697744
"Otros",-142543.476706503
