"Factor","Valor"
"Total",559187.12862582
"Compra de
divisas al
SP",-129685.8543
"Compra de
divisas al
Tesoro",-220210.7
"Otras
operaciones
con Tesoro",2008958.11414379
"Pases",-786566.791126627
"Leliq",-1111372.73796264
"Redesc.",-2.39999999999964
"Intereses",942603.368832586
"Otros",-144535.539564823
