"Factor","Valor"
"Total",1177402.75955307
"Compra
divisas
al SP",-484909.6521
"Compra
divisas
al Tesoro",-273384.805614885
"Otras
operaciones
Tesoro",2418614.78968903
"Pases",-861760.817022078
"Leliq",-1029523.64221883
"Redescuentos",-35.6511896899992
"Intereses",1517102.12505359
"Otros",-108699.255647598
