"Factor","Valor"
"Total",679233.62051462
"Compra de
divisas al
SP",-179041.8735
"Compra de
divisas al
Tesoro",-204010.7
"Otras
operaciones
con Tesoro",2003358.21205642
"Pases",-612165.842200151
"Leliq",-1098511.61845554
"Redesc.",-2.39999999999964
"Intereses",911510.4855131
"Otros",-141902.311502743
