"Factor","Valor"
"Total",-5342.42216151247
"Compra de
Divisas",-3443.78038454867
"Organismos
Internacionales",-3007.55701857807
"Otras oper.
Sector Público",228.77757324386
"Efectivo
Mínimo",2722.55003909555
"Otros",-1842.41237072514
