"Factor","Valor"
"Total",131.057853102662
"Compra de
Divisas",789.831661103344
"Organismos
Internacionales",-495.513743678225
"Otras oper.
Sector Público",-404.054390465633
"Efectivo
Mínimo",929.751162022226
"Otros",-688.95683587905
