"Factor","Valor"
"Total",590446.712483111
"Compra de
divisas al
SP",-248045.8491
"Compra de
divisas al
Tesoro",-201010.7
"Otras
operaciones
con Tesoro",1989697.95452291
"Pases",-685805.687891127
"Leliq",-1013593.64353334
"Redesc.",-2.39999999999964
"Intereses",879269.508933836
"Otros",-130062.139052703
