"Factor","Valor"
"Total",1147478.37371611
"Compra de
divisas al
SP",-448521.2052
"Compra de
divisas al
Tesoro",-283384.805614885
"Otras
operaciones
con Tesoro",2502930.02815243
"Pases",-1040359.11155468
"Leliq",-1029379.50464875
"Redesc.",-35.6511896899992
"Intereses",1562174.93202495
"Otros",-115945.976856798
