"Factor","Valor"
"Total",1114231.13771424
"Compra de
divisas al
SP",-448521.2052
"Compra de
divisas al
Tesoro",-283384.805614885
"Otras
operaciones
con Tesoro",2503222.94440533
"Pases",-1076441.48484832
"Leliq",-1029379.50464875
"Redesc.",-35.6511896899992
"Intereses",1564619.65263336
"Otros",-115848.476426338
