"Factor","Valor"
"Total",-5075.17757688976
"Compra de
Divisas",-2126.74909403067
"Organismos
Internacionales",-3172.02246412938
"Otras oper.
Sector Público",168.028498263128
"Efectivo
Mínimo",2355.32609381055
"Otros",-2299.7606108034
