"Factor","Valor"
"Total",1225459.34393899
"Compra
divisas
al SP",-475686.4401
"Compra
divisas
al Tesoro",-273384.805614885
"Otras
operaciones
Tesoro",2457166.19183896
"Pases",-861319.733388604
"Leliq",-1029523.64221883
"Redescuentos",-35.6511896899992
"Intereses",1518416.15753675
"Otros",-110172.401528247
