"Factor","Valor"
"Total",436.163337959864
"Compra de
Divisas",1755.72652371534
"Organismos
Internacionales",-566.956778899176
"Otras oper.
Sector Público",-426.068835136707
"Efectivo
Mínimo",659.878529490726
"Otros",-986.416101210323
