"Factor","Valor"
"Total",-5195.18875538066
"Compra de
Divisas",-3095.25289068867
"Organismos
Internacionales",-3045.65251610838
"Otras oper.
Sector Público",212.89232773292
"Efectivo
Mínimo",2795.78419678755
"Otros",-2062.95987310408
