"Factor","Valor"
"Total",531925.65149236
"Compra de
divisas al
SP",-129712.6729
"Compra de
divisas al
Tesoro",-220210.7
"Otras
operaciones
con Tesoro",2008887.43144979
"Pases",-811944.274887585
"Leliq",-1111372.73796264
"Redesc.",-2.39999999999964
"Intereses",940663.345706814
"Otros",-144382.008517553
