"Factor","Valor"
"Total",654548.33459879
"Compra de
divisas al
SP",-155856.1977
"Compra de
divisas al
Tesoro",-220210.7
"Otras
operaciones
con Tesoro",2081911.7814542
"Pases",-771982.523343035
"Leliq",-1058760.27228074
"Redesc.",-2.39999999999964
"Intereses",922668.103919874
"Otros",-143219.126055043
