"Factor","Valor"
"Total",111.012356600564
"Compra de
Divisas",725.656758753344
"Organismos
Internacionales",-461.018947137952
"Otras oper.
Sector Público",-403.752920486301
"Efectivo
Mínimo",752.559497853928
"Otros",-502.432032382455
