"Factor","Valor"
"Total",-412.972825335593
"Compra de
Divisas",104.377311467749
"Organismos
Internacionales",-418.98886977038
"Otras oper.
Sector Público",-223.361431094567
"Efectivo
Mínimo",404.629323846801
"Otros",-279.629159785196
